100, 0.079576
200, 0.279553
300, 0.250265
400, 0.361039
500, 0.500908
600, 0.669359
700, 0.669344
800, 0.750613
900, 1.070248
1000, 1.526162
1100, 1.734237
1200, 1.958123
1300, 2.124352
1400, 2.491132
1500, 2.062377
1600, 2.165088
1700, 2.366444
1800, 2.587117
1900, 2.625821
2000, 2.941978
2100, 2.998895
2200, 2.946617
2300, 3.088534
2400, 3.382859
2500, 3.568870
2600, 4.140751
2700, 4.718111
2800, 4.751853
2900, 5.110715
3000, 6.131284
3100, 6.769126
3200, 7.278701
3300, 7.371093
3400, 7.386227
3500, 7.627085
3600, 7.595870
3700, 8.192370
3800, 7.998340
3900, 8.201721
4000, 8.631726
4100, 9.130874
4200, 9.449966
4300, 9.979935
4400, 10.303228
4500, 10.774357
4600, 11.656960
4700, 12.876500
4800, 13.137558
4900, 13.495734
5000, 14.320834
5100, 14.154932
5200, 14.037671
5300, 14.821125
5400, 14.666667
5500, 15.153152
5600, 15.063790
5700, 15.731292
5800, 15.851742
5900, 16.775709
6000, 16.559457
6100, 17.138453
6200, 17.118711
6300, 17.293901
6400, 17.422350
6500, 19.686949
6600, 17.440282
6700, 17.773049
6800, 17.486439
6900, 18.359018
7000, 18.605554
7100, 18.399875
7200, 19.052634
7300, 19.943165
7400, 20.784394
7500, 20.618689
7600, 21.433618
7700, 22.588252
7800, 23.491030
7900, 27.669394
8000, 27.507998
8100, 28.709748
8200, 28.927246
8300, 29.039783
8400, 27.971662
8500, 30.367504
8600, 29.712547
8700, 29.927707
8800, 31.684615
8900, 34.397349
9000, 35.390730
9100, 36.052038
9200, 38.100665
9300, 37.419760
9400, 39.395496
9500, 40.388860
9600, 41.207123
9700, 41.520241
9800, 42.598977
9900, 43.449501
10000, 42.950013
10100, 44.651951
10200, 48.725017
10300, 45.618934
10400, 49.240140
10500, 46.912154
10600, 47.259271
10700, 47.153366
10800, 46.224078
10900, 46.598992
11000, 46.650074
11100, 46.939741
11200, 46.651895
11300, 47.257489
11400, 47.770329
11500, 47.862995
11600, 48.420156
11700, 49.210446
11800, 49.639173
11900, 50.079583
12000, 50.829457
12100, 51.849935
12200, 52.147571
12300, 53.218486
12400, 53.958552
12500, 57.864305
12600, 58.898155
12700, 58.187641
12800, 59.709645
12900, 60.003085
13000, 60.432133
13100, 58.917234
13200, 61.372975
13300, 61.108410
13400, 60.849743
13500, 64.046286
13600, 65.186063
13700, 67.540751
13800, 67.924095
13900, 69.954075
14000, 72.192773
14100, 73.491342
14200, 74.799406
14300, 77.317865
14400, 76.550048
14500, 77.283303
14600, 77.502267
14700, 78.178285
14800, 79.956183
14900, 78.902888
15000, 81.645921
15100, 80.392814
15200, 82.926008
15300, 87.751828
15400, 84.156465
15500, 90.736905
15600, 84.583271
15700, 83.305051
15800, 86.456892
15900, 85.318028
16000, 86.254817
16100, 86.109074
16200, 91.768852
16300, 88.894141
16400, 93.357916
16500, 88.849271
16600, 89.403477
16700, 91.658346
16800, 91.555872
16900, 92.186462
17000, 92.653129
17100, 93.553343
17200, 95.473821
17300, 96.027410
17400, 102.051800
17500, 100.256129
17600, 95.603474
17700, 98.046678
17800, 96.695576
17900, 99.987613
18000, 99.306952
18100, 100.849363
18200, 100.640418
18300, 100.518911
18400, 99.650957
18500, 100.576290
18600, 99.337236
18700, 100.565117
18800, 99.262162
18900, 101.179742
19000, 100.144830
19100, 101.373067
19200, 100.668499
19300, 102.552894
19400, 103.702587
19500, 99.971040
19600, 104.743396
19700, 101.274613
19800, 102.259923
19900, 101.812867
20000, 107.528248
20100, 109.806676
20200, 114.508927
20300, 107.804997
20400, 107.607382
20500, 105.106303
20600, 112.553788
20700, 106.948031
20800, 107.417284
20900, 107.649648
21000, 109.240536
21100, 108.220496
21200, 107.713861
21300, 110.079369
21400, 110.005732
21500, 113.143042
21600, 112.624935
21700, 114.966088
21800, 118.436666
21900, 122.595688
22000, 119.405705
22100, 120.844790
22200, 125.567446
22300, 121.624411
22400, 123.144838
22500, 123.775913
22600, 121.902694
22700, 123.583678
22800, 128.348747
22900, 130.648641
23000, 137.718390
23100, 137.354045
23200, 140.297652
23300, 160.789475
23400, 159.894500
23500, 165.747695
23600, 173.444485
23700, 175.349884
23800, 175.181332
23900, 175.345099
24000, 179.023469
24100, 182.016842
24200, 181.633646
24300, 182.835966
24400, 185.030373
24500, 186.812836
24600, 186.663454
24700, 184.822208
24800, 184.198246
24900, 188.449841
25000, 184.245963
25100, 181.584517
25200, 184.602595
25300, 182.429130
25400, 182.225805
25500, 190.276263
25600, 187.034624
25700, 194.025610
25800, 190.526725
25900, 191.945338
26000, 195.309987
26100, 198.100464
26200, 196.564047
26300, 196.717120
26400, 208.304509
26500, 218.264071
26600, 218.980080
26700, 221.965270
26800, 224.633479
26900, 228.966209
27000, 225.713246
27100, 221.315849
27200, 230.041020
27300, 229.381477
27400, 231.345081
27500, 227.832176
27600, 241.337104
27700, 250.110518
27800, 241.583084
27900, 242.923100
28000, 257.759952
28100, 253.444864
28200, 261.863581
28300, 256.208888
28400, 259.426626
28500, 261.801321
28600, 263.137751
28700, 265.392668
28800, 267.684304
28900, 266.457888
29000, 270.164916
29100, 269.089374
29200, 268.868248
29300, 270.791634
29400, 268.777356
29500, 268.035529
29600, 274.238666
29700, 275.293604
29800, 274.632935
29900, 277.757665
30000, 279.430023
30100, 278.443025
30200, 282.685594
30300, 281.034795
30400, 279.360226
30500, 282.402587
30600, 286.415834
30700, 288.354087
30800, 290.755244
30900, 290.289410
31000, 291.401949
31100, 294.344324
31200, 297.943066
31300, 293.179088
31400, 290.002923
31500, 296.291466
31600, 295.202630
31700, 294.502981
31800, 297.313649
31900, 297.107909
32000, 298.281176
32100, 295.025019
32200, 299.244849
32300, 294.267720
32400, 299.209498
32500, 297.500162
32600, 297.083279
32700, 300.968475
32800, 294.609720
32900, 299.639022
33000, 297.747545
33100, 296.773390
33200, 295.874468
33300, 302.809072
33400, 303.125427
33500, 296.286147
33600, 299.708627
33700, 299.640241
33800, 300.919859
33900, 310.713333
34000, 301.541704
34100, 306.190507
34200, 305.866238
34300, 308.066694
34400, 314.507822
34500, 309.645533
34600, 311.388077
34700, 313.182777
34800, 309.564439
34900, 309.449146
35000, 311.690380
35100, 315.348619
35200, 312.286867
35300, 314.305323
35400, 318.906197
35500, 316.667991
35600, 317.802778
35700, 321.035371
35800, 323.302164
35900, 328.900191
36000, 328.547893
36100, 328.570321
36200, 330.008047
36300, 334.678110
36400, 338.300347
36500, 335.409212
36600, 339.689046
36700, 336.433932
36800, 353.272663
36900, 344.369571
37000, 346.973261
37100, 355.169061
37200, 349.067575
37300, 365.273058
37400, 365.957216
37500, 368.784701
37600, 366.525691
37700, 376.372514
37800, 374.872957
37900, 371.149678
38000, 374.687992
38100, 376.087160
38200, 380.570682
38300, 380.205001
38400, 391.959086
38500, 383.591117
38600, 383.417331
38700, 382.424565
38800, 387.286633
38900, 383.657319
39000, 382.700131
39100, 384.953373
39200, 381.459413
39300, 381.400660
39400, 384.671908
39500, 388.195902
39600, 393.409724
39700, 400.021895
39800, 392.197382
39900, 389.305919
40000, 391.374615
40100, 397.865579
40200, 403.373129
40300, 402.855854
40400, 402.105986
40500, 414.168111
40600, 424.103213
40700, 425.122521
40800, 421.977888
40900, 429.007960
41000, 434.702408
41100, 435.531551
41200, 429.595521
41300, 432.620048
41400, 432.367836
41500, 434.540154
41600, 440.020620
41700, 458.186392
41800, 456.494789
41900, 453.270572
42000, 462.503345
42100, 472.114006
42200, 469.337669
42300, 470.190857
42400, 479.553616
42500, 476.695270
42600, 482.686589
42700, 482.363249
42800, 486.283384
42900, 485.867423
43000, 492.189457
43100, 489.434225
43200, 498.045101
43300, 496.597136
43400, 497.232527
43500, 496.401965
43600, 500.738892
43700, 497.442638
43800, 496.715700
43900, 505.713377
44000, 503.003157
44100, 499.370899
44200, 512.763486
44300, 515.256152
44400, 508.292708
44500, 506.805124
44600, 509.600609
44700, 516.773989
44800, 519.094573
44900, 518.010629
45000, 518.539578
45100, 514.326527
45200, 523.150420
45300, 529.400797
45400, 531.372343
45500, 526.088937
45600, 530.862278
45700, 529.852385
45800, 531.296865
45900, 533.094498
46000, 535.070170
46100, 536.465893
46200, 531.352787
46300, 535.490980
46400, 538.572191
46500, 536.481896
46600, 544.756604
46700, 535.875814
46800, 538.131179
46900, 538.950620
47000, 543.404482
47100, 543.064917
47200, 540.227486
47300, 539.042335
47400, 550.327092
47500, 540.122173
47600, 541.320819
47700, 543.952445
47800, 544.424876
47900, 545.671954
48000, 547.809722
48100, 547.119939
48200, 553.499457
48300, 556.679344
48400, 555.666157
48500, 551.717817
48600, 570.768002
48700, 565.319200
48800, 558.771589
48900, 560.121512
49000, 561.956469
49100, 559.212144
49200, 556.705175
49300, 560.155113
49400, 562.776476
49500, 562.146028
49600, 572.456868
49700, 571.276583
49800, 577.702442
49900, 568.905681
50000, 576.224222
50100, 596.817626
50200, 579.380083
50300, 577.782758
50400, 582.740715
50500, 582.778840
50600, 581.129995
50700, 582.446768
50800, 592.250771
50900, 586.724955
51000, 596.012814
51100, 594.102171
51200, 602.546594
51300, 607.325415
51400, 607.938934
51500, 608.346073
51600, 622.839408
51700, 609.184893
51800, 611.488425
51900, 615.680313
52000, 618.848335
52100, 616.875907
52200, 621.834782
52300, 622.653082
52400, 627.903640
52500, 622.356330
52600, 623.851043
52700, 620.969320
52800, 623.367891
52900, 621.422566
53000, 630.306521
53100, 623.161505
53200, 624.749839
53300, 627.855731
53400, 623.604235
53500, 628.928763
53600, 624.814510
53700, 628.409069
53800, 632.204143
53900, 629.779888
54000, 630.133559
54100, 631.210924
54200, 629.659821
54300, 634.141000
54400, 636.260432
54500, 646.429455
54600, 635.081938
54700, 646.516954
54800, 645.158641
54900, 646.745361
55000, 648.152861
55100, 648.246940
55200, 641.525921
55300, 645.904823
55400, 649.573931
55500, 643.835643
55600, 648.794091
55700, 645.590708
55800, 644.712303
55900, 657.092660
56000, 644.779718
56100, 649.268791
56200, 643.577482
56300, 662.245263
56400, 643.201660
56500, 643.055590
56600, 641.799442
56700, 644.453297
56800, 645.542761
56900, 644.753400
57000, 641.943471
57100, 644.715478
57200, 649.315620
57300, 649.316698
57400, 642.529869
57500, 647.330698
57600, 666.999455
57700, 648.461942
57800, 647.372536
57900, 648.185883
58000, 662.396256
58100, 648.168936
58200, 655.378891
58300, 650.328390
58400, 648.810231
58500, 649.633575
58600, 660.381046
58700, 650.439636
58800, 664.439218
58900, 652.074030
59000, 653.096205
59100, 647.979915
59200, 655.627160
59300, 656.759709
59400, 655.703859
59500, 663.833736
59600, 659.198429
59700, 662.402117
59800, 659.418466
59900, 661.678178
60000, 655.727054
60100, 663.967075
60200, 667.504477
60300, 671.203402
60400, 664.468724
60500, 665.756971
60600, 671.616587
60700, 675.337063
60800, 675.753877
60900, 673.642899
61000, 679.777612
61100, 678.684416
61200, 680.537935
61300, 695.434337
61400, 685.101952
61500, 681.557178
61600, 679.805765
61700, 681.598925
61800, 685.395274
61900, 684.755246
62000, 692.410579
62100, 687.252275
62200, 682.637035
62300, 686.093416
62400, 686.862573
62500, 693.374516
62600, 692.898729
62700, 679.550452
62800, 681.496744
62900, 684.080567
63000, 689.541353
63100, 689.251654
63200, 687.226016
63300, 687.478378
63400, 694.552072
63500, 695.606141
63600, 701.331911
63700, 695.514467
63800, 700.837971
63900, 714.340041
64000, 711.069340
64100, 708.060478
64200, 719.009214
64300, 714.478588
64400, 717.680946
64500, 706.757868
64600, 717.594819
64700, 718.974012
64800, 712.268641
64900, 722.023159
65000, 729.557770
65100, 741.838039
65200, 730.985391
65300, 732.310475
65400, 741.683017
65500, 755.019531
65600, 749.745976
65700, 774.160872
65800, 766.684319
65900, 771.538406
66000, 766.101544
66100, 773.393486
66200, 764.716112
66300, 760.997290
66400, 763.928797
66500, 769.316241
66600, 775.128102
66700, 768.040984
66800, 775.196650
66900, 774.696353
67000, 778.673677
67100, 775.370376
67200, 766.601748
67300, 778.895595
67400, 781.990304
67500, 774.928512
67600, 775.938745
67700, 798.609887
67800, 794.938496
67900, 784.340918
68000, 790.433564
68100, 791.181873
68200, 796.798165
68300, 822.535836
68400, 798.723714
68500, 812.388392
68600, 826.010065
68700, 846.134244
68800, 856.289043
68900, 857.512359
69000, 866.555774
69100, 867.586810
69200, 858.316798
69300, 858.675023
69400, 869.219518
69500, 868.745424
69600, 864.072370
69700, 892.182030
69800, 922.319750
69900, 913.650380
70000, 929.466986
70100, 950.114645
70200, 942.533527
70300, 952.627007
70400, 977.341639
70500, 983.562588
70600, 977.759017
70700, 997.424767
70800, 985.102338
70900, 982.238241
71000, 989.787529
71100, 998.386724
71200, 999.121942
71300, 1009.172942
71400, 1013.924383
71500, 1025.781500
71600, 1008.697716
71700, 1010.709657
71800, 1007.211100
71900, 1026.662804
72000, 1027.025845
72100, 1011.885592
72200, 1012.375392
72300, 1013.785231
72400, 1036.808872
72500, 1026.689483
72600, 1039.896496
72700, 1033.921315
72800, 1033.844987
72900, 1043.223752
73000, 1043.628276
73100, 1048.311722
73200, 1050.397952
73300, 1049.991303
73400, 1070.511497
73500, 1064.491563
73600, 1052.844957
73700, 1072.658733
73800, 1061.555636
73900, 1061.760331
74000, 1074.798288
74100, 1057.812494
74200, 1068.291331
74300, 1102.191841
74400, 1092.682108
74500, 1068.616700
74600, 1066.469897
74700, 1068.069787
74800, 1068.003975
74900, 1053.734879
75000, 1064.052172
75100, 1046.097977
75200, 1062.759922
75300, 1062.001850
75400, 1053.432456
75500, 1077.886438
75600, 1057.471515
75700, 1057.256005
75800, 1055.797519
75900, 1064.001797
76000, 1062.702403
76100, 1057.199011
76200, 1066.058434
76300, 1071.964364
76400, 1078.871904
76500, 1079.418280
76600, 1084.419515
76700, 1092.648568
76800, 1087.441360
76900, 1090.890015
77000, 1084.551599
77100, 1088.456113
77200, 1089.576559
77300, 1093.225361
77400, 1089.311946
77500, 1085.139809
77600, 1090.294793
77700, 1101.562413
77800, 1101.500982
77900, 1131.622570
78000, 1115.839895
78100, 1116.364026
78200, 1122.585215
78300, 1128.557001
78400, 1128.795642
78500, 1130.195483
78600, 1133.409866
78700, 1133.853292
78800, 1144.105289
78900, 1150.765846
79000, 1143.092386
79100, 1186.889306
79200, 1187.382942
79300, 1203.128466
79400, 1206.521975
79500, 1224.607603
79600, 1234.661629
79700, 1241.657608
79800, 1246.333032
79900, 1284.540804
80000, 1251.689873
80100, 1268.862598
80200, 1269.562084
80300, 1280.316928
80400, 1281.381833
80500, 1281.538786
80600, 1300.675398
80700, 1280.729079
80800, 1286.343371
80900, 1297.671695
81000, 1289.559840
81100, 1314.287008
81200, 1284.977650
81300, 1286.356174
81400, 1292.370307
81500, 1291.714377
81600, 1299.426205
81700, 1314.073926
81800, 1307.885707
81900, 1323.506393
82000, 1306.190831
82100, 1307.031724
82200, 1325.905705
82300, 1318.866859
82400, 1322.445349
82500, 1333.457890
82600, 1352.108456
82700, 1370.450354
82800, 1393.555974
82900, 1394.211574
83000, 1399.811357
83100, 1432.714785
83200, 1398.488283
83300, 1387.616841
83400, 1390.635895
83500, 1412.703686
83600, 1423.730609
83700, 1434.008011
83800, 1423.790714
83900, 1430.231517
84000, 1435.979810
84100, 1432.952818
84200, 1448.067854
84300, 1443.218168
84400, 1446.288151
84500, 1447.656599
84600, 1452.727682
84700, 1464.450175
84800, 1468.136989
84900, 1479.848344
85000, 1509.820662
85100, 1485.048699
85200, 1482.567252
85300, 1484.393768
85400, 1497.156570
85500, 1491.626341
85600, 1539.997938
85700, 1492.904563
85800, 1486.918459
85900, 1574.130474
86000, 1511.899234
86100, 1503.390728
86200, 1538.600448
86300, 1543.339433
86400, 1515.084475
86500, 1561.909884
86600, 1513.513255
86700, 1521.975658
86800, 1523.422070
86900, 1524.033055
87000, 1533.995063
87100, 1537.068690
87200, 1532.451099
87300, 1556.356325
87400, 1533.054276
87500, 1538.775929
87600, 1553.599931
87700, 1564.236480
87800, 1535.468510
87900, 1539.482500
88000, 1550.190828
88100, 1555.559146
88200, 1551.016021
88300, 1545.775050
88400, 1569.179491
88500, 1554.594728
88600, 1549.682892
88700, 1561.282985
88800, 1594.124181
88900, 1571.895764
89000, 1576.155240
89100, 1583.142959
89200, 1568.197529
89300, 1587.640361
89400, 1582.173450
89500, 1584.681645
89600, 1572.286753
89700, 1575.659970
89800, 1598.353358
89900, 1608.092347
90000, 1607.897505
90100, 1599.114494
90200, 1592.270419
90300, 1607.350311
90400, 1598.329556
90500, 1597.624862
90600, 1594.543777
90700, 1683.410351
90800, 1598.513065
90900, 1609.591512
91000, 1634.889239
91100, 1617.509515
91200, 1610.699766
91300, 1606.178361
91400, 1624.633984
91500, 1614.499687
91600, 1612.433497
91700, 1629.491430
91800, 1621.933529
91900, 1625.169949
92000, 1629.819253
92100, 1658.394141
92200, 1645.000676
92300, 1630.240244
92400, 1641.095728
92500, 1700.513493
92600, 1639.955127
92700, 1648.061348
92800, 1646.195335
92900, 1645.983516
93000, 1649.238308
93100, 1658.589895
93200, 1661.258776
93300, 1653.206741
93400, 1666.618912
93500, 1671.207205
93600, 1679.257712
93700, 1667.731931
93800, 1663.374114
93900, 1669.822083
94000, 1672.229435
94100, 1670.662658
94200, 1663.820440
94300, 1677.499718
94400, 1703.868853
94500, 1688.918207
94600, 1686.082103
94700, 1698.609490
94800, 1703.878156
94900, 1681.803994
95000, 1674.092770
95100, 1724.969342
95200, 1697.133767
95300, 1709.769098
95400, 1677.906440
95500, 1717.435762
95600, 1683.418768
95700, 1689.025889
95800, 1693.072399
95900, 1684.136559
96000, 1689.988817
96100, 1688.947844
96200, 1692.712766
96300, 1708.527948
96400, 1692.411470
96500, 1701.898631
96600, 1686.099818
96700, 1689.827796
96800, 1696.066631
96900, 1725.870132
97000, 1688.206456
97100, 1691.382872
97200, 1674.857949
97300, 1688.592671
97400, 1714.540337
97500, 1690.281686
97600, 1702.889527
97700, 1697.379521
97800, 1693.225010
97900, 1690.246814
98000, 1693.816553
98100, 1698.616998
98200, 1687.399302
98300, 1690.806735
98400, 1685.681156
98500, 1693.842632
98600, 1690.171959
98700, 1693.719174
98800, 1692.594872
98900, 1692.868459
99000, 1726.554266
99100, 1745.685819
99200, 1715.654444
99300, 1707.010886
99400, 1689.511084
99500, 1704.814119
99600, 1689.838708
99700, 1715.850267
99800, 1699.141191
99900, 1694.891785
100000, 1682.679186
100100, 1701.972985
100200, 1697.484916
100300, 1703.968885
100400, 1692.903993
100500, 1701.246553
100600, 1703.050229
100700, 1695.283354
100800, 1693.389065
100900, 1711.479603
101000, 1723.771679
101100, 1700.395564
101200, 1726.849196
101300, 1707.158801
101400, 1716.475712
101500, 1734.662073
101600, 1768.710300
101700, 1720.079010
101800, 1746.764641
101900, 1716.607383
102000, 1717.172843
102100, 1719.110341
102200, 1718.830137
102300, 1720.849279
102400, 1726.806417
102500, 1765.398285
102600, 1750.108747
102700, 1753.678675
102800, 1739.960092
102900, 1755.853465
103000, 1742.650590
103100, 1758.813498
103200, 1748.997139
103300, 1757.477966
103400, 1750.300907
103500, 1774.183281
103600, 1795.276575
103700, 1768.650532
103800, 1753.813938
103900, 1762.168433
104000, 1758.873718
104100, 1773.299777
104200, 1770.425783
104300, 1757.635497
104400, 1760.452293
104500, 1767.846039
104600, 1757.717385
104700, 1755.960759
104800, 1810.949302
104900, 1766.325681
105000, 1761.022449
105100, 1788.778122
105200, 1765.628584
105300, 1760.914123
105400, 1769.549218
105500, 1768.887705
105600, 1775.015489
105700, 1788.551036
105800, 1780.245479
105900, 1788.494561
106000, 1781.625215
106100, 1784.704654
106200, 1799.046866
106300, 1792.929448
106400, 1824.541126
106500, 1816.502709
106600, 1797.287612
106700, 1789.548451
106800, 1800.317864
106900, 1809.797365
107000, 1803.218544
107100, 1804.248583
107200, 1823.123083
107300, 1816.856102
107400, 1818.223273
107500, 1824.988755
107600, 1833.367820
107700, 1841.576747
107800, 1853.317498
107900, 1856.993205
108000, 1861.774314
108100, 1849.278131
108200, 1871.496483
108300, 1864.815248
108400, 1863.229268
108500, 1886.878765
108600, 1870.779431
108700, 1873.307650
108800, 1871.627071
108900, 1876.515662
109000, 1877.094496
109100, 1875.785793
109200, 1898.264936
109300, 1902.293620
109400, 1884.369315
109500, 1887.389541
109600, 1880.558053
109700, 1884.517438
109800, 1886.038749
109900, 1882.039039
110000, 1907.631836
110100, 1901.697570
110200, 1903.286225
110300, 1913.112006
110400, 1933.828953
110500, 1913.368582
110600, 1928.712891
110700, 1929.378092
110800, 1955.389396
110900, 1962.605772
111000, 1981.728406
111100, 1984.568958
111200, 1991.687080
111300, 2042.169488
111400, 1975.175427
111500, 1972.094825
111600, 1990.759950
111700, 2002.692746
111800, 2027.132030
111900, 2022.084960
112000, 2016.372412
112100, 2020.049343
112200, 2054.155268
112300, 2066.596775
112400, 2055.888482
112500, 2091.230418
112600, 2068.233019
112700, 2136.707979
112800, 2072.766802
112900, 2099.522035
113000, 2099.897407
113100, 2097.030902
113200, 2097.380932
113300, 2166.717265
113400, 2112.798201
113500, 2098.083246
113600, 2163.559084
113700, 2138.363304
113800, 2099.872060
113900, 2118.166178
114000, 2111.998088
114100, 2113.759521
114200, 2110.559329
114300, 2124.496116
114400, 2121.389649
114500, 2122.708662
114600, 2132.063045
114700, 2118.099348
114800, 2143.972005
114900, 2131.777631
115000, 2133.032146
115100, 2144.051433
115200, 2150.025012
115300, 2148.583395
115400, 2171.752238
115500, 2161.834252
115600, 2167.282926
115700, 2154.432432
115800, 2162.606014
115900, 2151.406918
116000, 2151.873784
116100, 2168.386247
116200, 2156.300262
116300, 2148.731277
116400, 2156.451555
116500, 2167.230977
116600, 2169.105694
116700, 2199.843200
116800, 2149.963224
116900, 2181.718074
117000, 2149.562923
117100, 2180.793281
117200, 2160.535346
117300, 2150.811021
117400, 2144.634283
117500, 2142.815703
117600, 2154.925832
117700, 2138.631500
117800, 2144.348370
117900, 2163.228773
118000, 2156.278790
118100, 2149.398372
118200, 2154.640113
118300, 2153.197003
118400, 2151.585551
118500, 2161.859629
118600, 2207.031669
118700, 2187.277849
118800, 2178.229039
118900, 2181.095924
119000, 2200.714006
119100, 2182.708040
119200, 2195.635263
119300, 2181.098172
119400, 2173.172176
119500, 2173.586456
119600, 2210.745012
119700, 2246.367925
119800, 2199.351116
119900, 2199.953566
120000, 2196.671264
120100, 2205.113275
120200, 2254.257823
120300, 2227.966918
120400, 2224.398173
120500, 2221.780488
120600, 2237.353723
120700, 2236.707458
120800, 2255.290101
120900, 2237.739362
121000, 2235.563422
121100, 2249.294626
121200, 2297.978196
121300, 2284.662089
121400, 2297.879343
121500, 2301.106872
121600, 2332.223594
121700, 2346.990304
121800, 2408.295487
121900, 2411.290403
122000, 2377.536938
122100, 2396.903294
122200, 2387.336963
122300, 2396.759065
122400, 2431.746753
122500, 2415.464281
122600, 2393.447927
122700, 2421.272097
122800, 2413.828573
122900, 2480.647979
123000, 2421.629186
123100, 2428.954409
123200, 2470.357686
123300, 2422.080986
123400, 2411.422642
123500, 2408.423856
123600, 2405.015095
123700, 2416.764956
123800, 2440.810697
123900, 2428.164031
124000, 2468.199830
124100, 2435.362191
124200, 2429.328405
124300, 2445.998133
124400, 2533.036326
124500, 2462.223510
124600, 2463.822134
124700, 2499.635550
124800, 2516.664333
124900, 2530.902060
125000, 2548.131559
125100, 2560.483417
125200, 2632.515080
125300, 2549.333499
125400, 2551.667905
125500, 2567.733087
125600, 2557.132421
125700, 2561.948179
125800, 2591.504283
125900, 2590.623982
126000, 2600.695205
126100, 2619.499951
126200, 2630.809771
126300, 2630.071043
126400, 2663.909733
126500, 2636.858307
126600, 2668.297417
126700, 2665.953954
126800, 2661.051601
126900, 2713.675710
127000, 2681.648153
127100, 2707.279916
127200, 2687.400665
127300, 2684.536469
127400, 2719.110506
127500, 2745.489667
127600, 2699.155333
127700, 2716.683017
127800, 2718.768470
127900, 2729.825205
128000, 2714.667933
128100, 2738.754538
128200, 2716.150931
128300, 2745.967715
128400, 2758.820355
128500, 2739.494388
128600, 2742.357335
128700, 2743.314784
128800, 2730.161739
128900, 2747.280623
129000, 2740.579485
129100, 2810.778465
129200, 2760.384011
129300, 2769.926647
129400, 2778.353524
129500, 2786.337264
129600, 2763.383662
129700, 2796.197090
129800, 2766.238846
129900, 2772.666337
130000, 2769.501971
130100, 2801.397046
130200, 2782.747441
130300, 2781.881577
130400, 2832.027089
130500, 2786.977440
130600, 2771.130155
130700, 2785.999640
130800, 2781.506000
130900, 2790.648172
131000, 2808.463799
131100, 2798.345068
131200, 2780.799464
131300, 2788.399308
131400, 2814.523925
131500, 2836.724762
131600, 2838.212138
131700, 2809.286725
131800, 2837.804087
131900, 2810.209715
132000, 2808.237271
132100, 2824.374608
132200, 2814.200653
132300, 2813.547183
132400, 2832.108546
132500, 2825.645596
132600, 2828.608640
132700, 2861.562849
132800, 2861.717138
132900, 2838.736129
133000, 2830.544254
133100, 2848.041241
133200, 2857.251000
133300, 2850.102894
133400, 2854.593284
133500, 2865.040669
133600, 2844.732395
133700, 2847.223642
133800, 2869.287897
133900, 2853.208839
134000, 2870.393807
134100, 2879.959012
134200, 2868.424335
134300, 2895.508748
134400, 2933.802836
134500, 2901.277015
134600, 2885.956444
134700, 2891.258458
134800, 2897.477425
134900, 2899.007189
135000, 2901.766311
135100, 2903.343448
135200, 2914.774845
135300, 2924.652310
135400, 2941.161339
135500, 2923.797936
135600, 2922.815352
135700, 2943.902938
135800, 2940.587036
135900, 2940.019328
136000, 2968.245673
136100, 2989.576517
136200, 2986.490479
136300, 2963.747465
136400, 2958.852536
136500, 2952.414587
136600, 2954.539606
136700, 3004.397271
136800, 2963.600975
136900, 3005.254512
137000, 2984.555490
137100, 2979.477603
137200, 2981.254257
137300, 2967.523109
137400, 2976.250839
137500, 3007.854442
137600, 2961.621142
137700, 2962.850594
137800, 2996.408294
137900, 3055.954985
138000, 3013.336451
138100, 3002.987788
138200, 2991.424060
138300, 3006.687140
138400, 2986.043991
138500, 2985.582997
138600, 3000.520442
138700, 2986.763543
138800, 3008.056512
138900, 3012.120697
139000, 3016.334587
139100, 3009.380628
139200, 3014.605203
139300, 3010.173143
139400, 3047.862507
139500, 3020.658802
139600, 3076.110924
139700, 3014.226979
139800, 3025.803398
139900, 3042.263570
140000, 3009.299398
140100, 3024.272740
140200, 3044.299569
140300, 3011.616320
140400, 3050.202152
140500, 3014.384678
140600, 3018.363738
140700, 3005.049870
140800, 3020.995617
140900, 3024.127170
141000, 3088.253606
141100, 3015.997144
141200, 3013.271994
141300, 3028.963280
141400, 3041.594615
141500, 3016.640305
141600, 3024.754169
141700, 3041.132685
141800, 3061.808365
141900, 3048.341798
142000, 3055.918990
142100, 3117.929568
142200, 3049.100535
142300, 3051.333523
142400, 3031.792200
142500, 3041.855126
142600, 3044.701036
142700, 3053.403354
142800, 3068.569363
142900, 3036.515798
143000, 3121.064108
143100, 3053.944945
143200, 3096.636603
143300, 3119.104519
143400, 3060.602039
143500, 3067.955522
143600, 3059.009953
143700, 3079.762950
143800, 3064.242698
143900, 3110.551868
144000, 3083.176520
144100, 3074.636225
144200, 3066.712266
144300, 3078.272414
144400, 3077.204196
144500, 3092.419306
144600, 3123.838115
144700, 3090.652516
144800, 3100.502780
144900, 3145.678424
145000, 3137.633729
145100, 3103.992226
145200, 3117.591466
145300, 3124.283476
145400, 3133.810517
145500, 3132.084919
145600, 3118.652816
145700, 3150.382077
145800, 3116.227023
145900, 3132.864628
146000, 3122.332918
146100, 3124.920142
146200, 3162.999800
146300, 3160.266058
146400, 3167.305182
146500, 3148.608633
146600, 3136.367523
146700, 3142.761995
146800, 3130.305828
146900, 3147.945689
147000, 3168.253253
147100, 3152.804089
147200, 3143.048435
147300, 3228.209617
147400, 3147.200222
147500, 3145.062229
147600, 3146.558487
147700, 3146.817965
147800, 3156.740102
147900, 3158.026058
148000, 3165.738899
148100, 3173.233546
148200, 3193.583322
148300, 3187.785873
148400, 3208.528122
148500, 3182.136895
148600, 3175.318870
148700, 3202.835692
148800, 3182.061718
148900, 3178.503700
149000, 3186.083716
149100, 3171.261789
149200, 3217.403215
149300, 3240.817610
149400, 3201.037655
149500, 3198.150585
149600, 3215.657580
149700, 3195.248706
149800, 3284.802125
149900, 3230.421568
150000, 3243.608921
150100, 3250.135072
150200, 3225.072526
150300, 3238.375739
150400, 3292.692751
150500, 3270.618954
150600, 3231.561223
150700, 3277.707477
150800, 3271.496786
150900, 3263.114058
151000, 3242.800825
151100, 3245.715914
151200, 3238.611801
151300, 3235.852773
151400, 3239.664296
151500, 3262.713462
151600, 3241.287495
151700, 3252.383809
151800, 3265.163788
151900, 3265.369867
152000, 3252.118101
152100, 3306.488060
152200, 3268.258864
152300, 3257.391314
152400, 3268.554569
152500, 3274.351433
152600, 3298.250105
152700, 3316.163731
152800, 3279.530190
152900, 3296.527836
153000, 3316.885615
153100, 3332.529028
153200, 3360.439563
153300, 3329.699040
153400, 3317.946158
153500, 3369.675876
153600, 3338.785804
153700, 3338.570018
153800, 3337.011485
153900, 3369.875676
154000, 3402.046967
154100, 3371.209298
154200, 3408.296565
154300, 3507.749120
154400, 3416.811083
154500, 3405.678201
154600, 3438.267892
154700, 3399.402710
154800, 3407.978402
154900, 3415.123772
155000, 3415.273018
155100, 3429.549050
155200, 3426.694908
155300, 3429.899638
155400, 3448.405789
155500, 3481.308814
155600, 3461.964042
155700, 3492.771900
155800, 3473.426497
155900, 3463.313771
156000, 3470.084235
156100, 3461.639740
156200, 3451.149196
156300, 3443.628182
156400, 3444.610853
156500, 3470.797353
156600, 3472.291670
156700, 3462.678285
156800, 3487.280726
156900, 3463.942005
157000, 3455.061700
157100, 3466.675335
157200, 3481.472098
157300, 3462.457185
157400, 3522.717669
157500, 3489.302626
157600, 3486.407743
157700, 3566.716957
157800, 3489.078287
157900, 3493.165191
158000, 3486.662207
158100, 3510.726313
158200, 3500.890232
158300, 3533.722662
158400, 3526.649032
158500, 3516.688467
158600, 3508.826197
158700, 3490.403282
158800, 3662.359051
158900, 3511.096729
159000, 3507.437274
159100, 3532.772596
159200, 3511.145224
159300, 3506.296677
159400, 3496.356241
159500, 3497.888483
159600, 3558.474484
159700, 3538.049792
159800, 3504.715111
159900, 3496.069150
160000, 3512.473133
160100, 3514.733993
160200, 3537.892771
160300, 3518.932740
160400, 3509.528418
160500, 3561.527641
160600, 3513.289443
160700, 3564.145219
160800, 3548.862636
160900, 3543.547844
161000, 3593.897046
161100, 3533.705924
161200, 3537.123583
161300, 3526.690069
161400, 3605.506362
161500, 3534.575719
161600, 3531.146835
161700, 3535.437208
161800, 3580.526434
161900, 3548.301650
162000, 3531.968042
162100, 3554.540529
162200, 3546.043101
162300, 3541.627919
162400, 3552.455130
162500, 3555.050928
162600, 3532.013765
162700, 3563.030425
162800, 3580.509799
162900, 3539.957907
163000, 3565.897904
163100, 3605.082206
163200, 3576.203507
163300, 3551.982490
163400, 3594.500704
163500, 3569.998544
163600, 3615.360502
163700, 3582.311109
163800, 3574.262447
163900, 3572.709992
164000, 3603.355376
164100, 3619.896110
164200, 3600.479705
164300, 3617.131859
164400, 3586.659215
164500, 3580.925265
164600, 3709.116415
164700, 3602.781669
164800, 3610.895978
164900, 3627.404170
165000, 3597.158857
165100, 3638.848104
165200, 3618.015744
165300, 3616.966071
165400, 3612.804854
165500, 3585.438013
165600, 3657.204721
165700, 3607.617000
165800, 3622.236497
165900, 3623.970051
166000, 3601.735210
166100, 3636.861862
166200, 3604.648917
166300, 3596.961042
166400, 3589.098742
166500, 3600.820036
166600, 3591.996985
166700, 3595.975115
166800, 3663.260316
166900, 3621.744547
167000, 3622.296912
167100, 3637.004610
167200, 3603.373582
167300, 3612.533141
167400, 3624.555933
167500, 3601.845633
167600, 3614.863405
167700, 3632.937579
167800, 3657.630263
167900, 3626.956461
168000, 3608.182270
168100, 3703.065225
168200, 3618.318884
168300, 3620.213236
168400, 3612.584296
168500, 3612.214400
168600, 3612.906743
168700, 3614.511285
168800, 3612.303944
168900, 3595.187549
169000, 3575.975888
169100, 3612.857794
169200, 3602.371830
169300, 3596.850109
169400, 3573.907163
169500, 3579.349906
169600, 3624.721283
169700, 3588.085394
169800, 3634.663843
169900, 3593.260482
170000, 3639.719572
170100, 3592.968663
170200, 3587.947298
170300, 3627.293402
170400, 3609.709054
170500, 3589.191069
170600, 3601.842576
170700, 3590.315639
170800, 3618.905347
170900, 3594.812993
171000, 3594.846386
171100, 3633.371126
171200, 3611.976647
171300, 3578.144359
171400, 3613.957980
171500, 3611.288476
171600, 3599.423261
171700, 3623.818374
171800, 3592.222642
171900, 3646.420565
172000, 3605.487452
172100, 3593.229189
172200, 3578.222885
172300, 3584.291133
172400, 3598.293662
172500, 3787.429700
172600, 3604.533001
172700, 3615.420321
172800, 3637.882665
172900, 3634.751524
173000, 3631.435777
173100, 3630.324382
173200, 3615.247445
173300, 3611.199949
173400, 3669.918632
173500, 3622.467715
173600, 3646.687622
173700, 3690.012322
173800, 3656.407221
173900, 3621.470949
174000, 3629.320438
174100, 3643.137616
174200, 3632.648611
174300, 3651.773903
174400, 3647.606494
174500, 3640.595175
174600, 3641.116293
174700, 3680.347552
174800, 3697.403714
174900, 3627.675591
175000, 3627.970798
175100, 3625.118619
175200, 3664.354403
175300, 3624.280668
175400, 3635.071627
175500, 3634.643187
175600, 3678.303511
175700, 3633.306619
175800, 3639.827622
175900, 3646.766713
176000, 3636.185012
176100, 3613.817699
176200, 3642.478817
176300, 3659.413759
176400, 3653.787971
176500, 3642.834345
176600, 3652.897996
176700, 3651.134588
176800, 3651.924399
176900, 3638.641534
177000, 3632.146644
177100, 3640.789651
177200, 3646.572680
177300, 3641.742475
177400, 3642.566167
177500, 3651.385600
177600, 3668.503903
177700, 3649.493899
177800, 3638.493957
177900, 3682.120685
178000, 3667.051230
178100, 3675.139048
178200, 3652.532775
178300, 3693.466566
178400, 3738.294031
178500, 3635.922726
178600, 3649.715631
178700, 3667.497042
178800, 3682.831760
178900, 3699.500104
179000, 3646.104067
179100, 3672.367672
179200, 3672.823086
179300, 3711.957076
179400, 3656.673184
179500, 3664.870276
179600, 3676.548799
179700, 3672.371589
179800, 3685.605596
179900, 3672.840026
180000, 3704.338737
180100, 3687.840214
180200, 3678.108574
180300, 3676.517502
180400, 3675.349879
180500, 3752.660217
180600, 3674.454623
180700, 3669.502622
180800, 3674.540855
180900, 3702.932430
181000, 3717.636420
181100, 3708.594991
181200, 3707.140715
181300, 3747.512086
181400, 3878.993205
181500, 3707.689943
181600, 3720.301571
181700, 3707.781266
181800, 3707.071757
181900, 3709.588772
182000, 3750.991601
182100, 3737.636143
182200, 3733.408303
182300, 3759.865437
182400, 3729.038362
182500, 3756.556743
182600, 3788.532742
182700, 3745.752757
182800, 3776.549762
182900, 3773.783204
183000, 3768.888845
183100, 3769.188545
183200, 3799.792121
183300, 3781.195565
183400, 3784.242804
183500, 3774.400116
183600, 3790.917825
183700, 3795.755952
183800, 3785.551860
183900, 3794.523229
184000, 3799.141500
184100, 3769.232937
184200, 3781.219364
184300, 3828.850865
184400, 3782.779060
184500, 3782.663999
184600, 3777.316386
184700, 3813.783723
184800, 3819.280479
184900, 3810.894290
185000, 3805.257657
185100, 3791.365669
185200, 3812.779310
185300, 3826.183170
185400, 3828.250856
185500, 3813.920405
185600, 3816.503343
185700, 3807.110174
185800, 3831.022759
185900, 3898.076494
186000, 3892.195433
186100, 3793.632462
186200, 3854.873508
186300, 3862.648923
186400, 3837.140126
186500, 3835.193146
186600, 3992.937949
186700, 3829.103037
186800, 3842.291687
186900, 3799.015263
187000, 3848.730724
187100, 3826.648929
187200, 3810.906800
187300, 3782.008637
187400, 3806.835831
187500, 3815.855641
187600, 3894.925265
187700, 3783.420596
187800, 3862.207236
187900, 3802.367465
188000, 3924.819154
188100, 3795.797839
188200, 3808.268736
188300, 3816.374728
188400, 3803.904036
188500, 3809.327472
188600, 3816.925156
188700, 3845.587551
188800, 3821.571629
188900, 3834.168018
189000, 3826.698459
189100, 3824.957275
189200, 3826.985166
189300, 3835.157787
189400, 3843.667375
189500, 3817.900734
189600, 3823.747582
189700, 3885.727604
189800, 3847.438890
189900, 3828.383003
190000, 3819.235647
190100, 3819.384196
190200, 3863.487411
190300, 3869.150744
190400, 3833.015344
190500, 3847.534561
190600, 3842.444589
190700, 3838.862918
190800, 3857.759660
190900, 3851.936817
191000, 3853.279118
191100, 3881.936703
191200, 3881.765110
191300, 3882.661456
191400, 3904.949629
191500, 3884.165564
191600, 3886.612702
191700, 3904.878952
191800, 3888.563282
191900, 3927.713798
192000, 3941.663757
192100, 3940.041505
192200, 3942.643863
192300, 3939.771521
192400, 3952.800655
192500, 3959.488641
192600, 3965.231479
192700, 3942.081232
192800, 3965.400255
192900, 3954.129534
193000, 3951.030203
193100, 3968.453763
193200, 3967.745814
193300, 3949.812086
193400, 3991.861402
193500, 3966.497060
193600, 3953.418859
193700, 3944.365879
193800, 3972.239665
193900, 3958.842968
194000, 3973.200649
194100, 3972.481445
194200, 4030.528478
194300, 3961.364040
194400, 3963.027933
194500, 3985.740926
194600, 3988.253375
194700, 4010.627968
194800, 3980.610746
194900, 4052.106947
195000, 4043.733334
195100, 4077.515541
195200, 4079.685913
195300, 4073.689506
195400, 4094.596688
195500, 4075.806210
195600, 4065.655819
195700, 4069.788258
195800, 4082.284576
195900, 4060.239434
196000, 4111.533849
196100, 4122.926565
196200, 4150.317042
196300, 4318.511809
196400, 4152.515177
196500, 4161.559039
196600, 4144.311682
196700, 4173.722010
196800, 4185.390497
196900, 4201.555100
197000, 4231.396309
197100, 4193.562078
197200, 4203.218538
197300, 4229.189844
197400, 4235.915744
197500, 4236.569118
197600, 4223.261831
197700, 4273.003057
197800, 4248.511368
197900, 4249.559367
198000, 4243.716959
198100, 4243.433421
198200, 4242.202669
198300, 4291.770516
198400, 4252.615387
198500, 4248.812387
198600, 4257.672219
198700, 4292.133684
198800, 4289.671170
198900, 4325.495792
199000, 4264.633768
199100, 4280.096345
199200, 4291.427716
199300, 4271.929938
199400, 4268.574073
199500, 4285.212765
199600, 4323.090960
199700, 4385.859550
199800, 4290.387544
199900, 4358.225292
200000, 4314.268230
